{"f1-score": {"0": 0.5950044603033007, "1": 0.5851703406813628, "2": 0.5818498692891821, "3": 0.7845747283938533, "4": 0.5049645390070922, "5": 0.3297085689430187, "6": 0.5280338521988817}, "f1-score-weighted": 0.621039266589898, "balanced_accuracy_score": 0.5734276825776669}