{"f1_per_class": {"0": 0.6255144032921811, "1": 0.5609480812641083, "2": 0.6145317291814107, "3": 0.8434229427457418, "4": 0.48757763975155277, "5": 0.4168048645660586, "6": 0.5862427573911752}, "accuracy": 0.606779859265646, "f1_weighted": 0.6654913438791304}