{"f1_per_class": {"0": 0.4799139167862267, "1": 0.5732484076433121, "2": 0.4144996059889677, "3": 0.8138834043437597, "4": 0.3547794117647059, "5": 0.3184979137691238, "6": 0.5729508196721311}, "accuracy": 0.5782872673802995, "f1_weighted": 0.5776376600341693}