{"f1_per_class": {"0": 0.7623549634722819, "1": 0.782608695652174, "2": 0.6948633879781421, "3": 0.8829025844930417, "4": 0.688622754491018, "5": 0.5627073656270737, "6": 0.6354961832061069}, "accuracy": 0.7147799667044271, "f1_weighted": 0.7441194419080425}