{"f1_per_class": {"0": 0.5887600356824264, "1": 0.5769980506822612, "2": 0.5822343866633491, "3": 0.7801786228752521, "4": 0.5031847133757962, "5": 0.3555787278415016, "6": 0.5319086651053864}, "accuracy": 0.5625424008915147, "f1_weighted": 0.6209194501323657}