{"f1_per_class": {"0": 0.7655860349127181, "1": 0.7649880095923262, "2": 0.6854744695733271, "3": 0.9144802723813339, "4": 0.6715758468335787, "5": 0.5667254556143445, "6": 0.6826456310679612}, "accuracy": 0.7376802505701103, "f1_weighted": 0.7598597460955797}