{"f1_per_class": {"0": 0.7834529337273111, "1": 0.7706855791962175, "2": 0.6940838598506606, "3": 0.9014704411323397, "4": 0.6412005457025921, "5": 0.5465538089480049, "6": 0.6594427244582043}, "accuracy": 0.7339139200066432, "f1_weighted": 0.7536410325593126}