{"f1_per_class": {"0": 0.77119341563786, "1": 0.7675613934894346, "2": 0.6798149500852203, "3": 0.9019567876070118, "4": 0.6256983240223464, "5": 0.5593123209169054, "6": 0.6819360414866033}, "accuracy": 0.7413778020022771, "f1_weighted": 0.75341896822553}