{"f1_per_class": {"0": 0.5597775718257646, "1": 0.61, "2": 0.5278419296895047, "3": 0.7693168049212415, "4": 0.48704663212435234, "5": 0.31245043616177637, "6": 0.5042502004811548}, "accuracy": 0.5579036741769526, "f1_weighted": 0.5932300346518503}