{"f1_per_class": {"0": 0.7826453243470936, "1": 0.7693215339233038, "2": 0.6947537596142808, "3": 0.9015409245547329, "4": 0.6439290586630286, "5": 0.5427013930950939, "6": 0.6605703657780533}, "accuracy": 0.7339139355413918, "f1_weighted": 0.7538226850649563}